,id,retweet_count,lang,full_text,sentiment
0,1258789958229340160,0,en,We are doing everything in our power to ABUSE Fight against COVID  19ABUSE  by using the right Equipment including ULV Cold Foggers and EPA approved Botanical Disinfectants that are powerful enough to kill any virus while LINK,negative
1,1258809838727036946,0,en,Adhering to guidelines and timings given by our  government to fight COVID19   we are opening our music store  from tomorrow  Orders accepted through online store LINK Minimal delivery charges LINK,negative
2,1260906811454095375,0,en,"List of todays Covid19 patients

IndiaFightsCorona
HelpUsToHelpYou
StayHomeStaySafe
TogetherForIndia Vadodara Thepeopleofvadodara Tpov Coronaupdate CoronaSafety CoronavirusOutbreakindia coronavirusindia LINK",neutral
3,1260987098045317121,0,en,Wows their believed reopen like coronavirus case n 3 lakh death for what you believed reopen and then u believed reopen coronavirus case n 3 lakh deaths must never forget as lockdown in the occupation coronavirus LINK,neutral
4,1251747804155973632,0,en,The decision of PM Narendra Modi to extend the lockdown until 3rd May 20 was a must to curb the spread of COVID19 as it is increasing at an uncontrollable pace To maintain the utmost care we have made some of LINK,neutral
5,1251756856575287296,0,en,"Repost sandeshnews 

Coronaupdate COVID19 coronapandemic CoronaPositive  Surat Gujarat LINK",neutral
6,1251908816842756096,0,en,"Storms are some glitches in a sky full of stars ï¸

Buy my postapocalyptic short story TORANOI based on PANDEMIC COVID19 now available on Amazon Kindle Do share a review if youve read alreadyï¸ï¸

ALSO DO LINK",positive
7,1252533499648565250,0,en,"PF Related Query
iam available MAIL Covid19 
No charges covid19  StayhomeStaysafe
My WhatsApp no 910295250  India LINK",positive
8,1258610327245197312,0,en,"Now it is time to change Only better cleaning and sanitization can save the world 
LINK 
sanitization cleaning coronavirus coronavirus  Kolkata LINK",positive
9,1251803347243470852,0,en,I have found that if you love life life will love you alwaysStay Home lives long nd fight covid19 ğŸ‘ğŸ‘ğŸ‘ğŸ‡®ğŸ‡³ï¸ï¸  Shekhpura Chhapra Bihar LINK,positive
10,1251899976164216839,0,en,"Nandikas happy to explain on how to wash your hand properly ğŸ˜Š



handwash cleanyourhand corona stayhomestaysafe safetyfirst  Bangalore India LINK",positive
11,1251930802662838274,0,en,"Hello Friends
RajGardenPlants ROOKHRAJPAUDHSHALA
memories covid19 corona IndiaFightsCorona stayhome staysafe Shayari love ishc pyar poem gazal poetry  shayar write writing write kavi kavita LINK",positive
12,1251931394063859712,0,en,"Hello Friends
RajGardenPlants ROOKHRAJPAUDHSHALA
memories covid19 corona IndiaFightsCorona stayhome staysafe Shayari love ishc pyar poem gazal poetry  shayar write writing write kavi kavita LINK",positive
13,1252764319915233280,1,en,Stigmabase   The domestic workers left stranded by coronavirus  also travelled abroad to find work they have found themselves jobless and stranded in a foreign country Here are the stories of women from IndiaÂ  View article LINK,negative
14,1258620042641539073,0,en,Dr Hari Krishna Maram Digital Brand Ambassador amp Chairman Vision Digital India Article Title Success Strategies for the Education Sector  COVID19 Pandemic Issue of Education Post Magazine visiondigitalindia LINK,positive
15,1258802798101172231,0,en,Lockdown mein interview lockdown covid19 interview china india stayhome news masti  Indore India LINK,neutral
16,1260855296722862081,0,en,"Looking For Beautiful Home interiors 
Call our experts on 9241117111 TASAinteriordesigner Bangalore Factory up and running with all Covid Saftey and hygiene protocols in LINK",positive
17,1260886771946016768,0,en,"On a journey to self love 




eyesonyou neutralstyle neutrals monochrome lifestyleblogger styleinspo everydaylife everydaystyle stayhomestaysafe covid19 
coronavirus sakhikapur  Delhi India LINK",positive
18,1251810947750117376,0,en,Thank You Switzerland ğŸ˜ŠğŸ™ğŸ‡¨ğŸ‡­ especially Zermatt for showing solidarity for India ğŸ‡®ğŸ‡³ in its fight against the Covid19 Pandemic  Never thought I would see Matterhorn is Tricolours  Very Touching Gesture Thank you LINK,positive
19,1252536118853189633,0,en,"With the earth in lockdown and the impending hospital duty in a days time with covid19 threat looming large soothing melody is all I crave for

cover
tollywood LINK",positive
20,1258686343544258560,0,en,"The State of Flux

A Lowkey image of Paddyfield Pipit

COVID19 National Lockdown Day45

bcearth bcwildlifepotd EarthCapture EarthinFocus clawsnwings clawsnwings ThroughYourLens lenscaptureofficial LINK",neutral
21,1260867457557938177,0,en,"RETURNEE MIGRANTS IN ODISHA TO GET CERTIFICATE COURSE ON COVID19 TO WORK AS VOLUNTEERS AFTER THE COMPLETION OF THEIR QUARANTINE PERIOD

The returnee migrants placed at different medical camps of the state would LINK",neutral
22,1260955489552171014,0,en,"As the impact of Covid19 and lockdown are crippling the lives of people especially to the ones living in the margins of the society People have been struggling with even basic needs not met

The Mission to LINK",neutral
23,1251755415538409472,0,en,"lockdown recipe

As we all are fighting Corona by staying at home here is a fun healthy recipe to sort out your what to make for breakfast Worry

Also giving lots of ingredients options so you can avoid going LINK",positive
24,1251818752993193984,0,en,"Scarlet Shell Breaker

Red Ghost Crab

COVID19 National Lockdown Day26

bcearth asiaphotography2018 bcwildlifepotd EarthCapture EarthinFocus clawsnwings clawsnwings ThroughYourLens LINK",neutral
25,1252152132133957634,0,en,Remove the mask Stop playing Sam covid19 is a great wake up call for all of us to stop ğŸ›‘ wasting time and embrace who we really are Be one with yourself cause frankly there is no one quiet like you ğŸ˜ LINK,positive
26,1252191166084214787,1,en,UTC 7  IN    India attempts to use coronavirus crisis to reform its mandis The Indian government is pulling out all the stops to expedite cash transfers into  lockdown which has hit the rural poor and the migrant workforce the hardest  for the LINK,negative
27,1252253307692814336,0,en,"Success is the richness of your contribution
ğŸ”¥ğŸ”¥ğŸ”¥ğŸ”¥
Agree Like it
Likecommentshare
ğŸ™ğŸ™ğŸ™ğŸ™
Stay home Save life 
DAY Of Lockdown in India FIGHT with CORONA
âœŠGO CORONA GO
3fa4df950165490 ğŸ‘ˆğŸ‘ˆğŸ‘ˆ
Go Corona Go
ğŸ™ğŸ™ğŸ™ğŸ™
STAY LINK",positive
28,1252813473362272256,0,en,"ğŸ‡®ğŸ‡³ India

Covid19 Fast spreading but improving slightly contagion Est 001 of pop infected Peak daily deaths of 24 in 23 days Proj death toll 1782 in 123 days

ğŸ•› 204

14",positive
29,1258673548635385857,0,en,Shah Rukh Khan the coowner of tkriders will be helping the Tribagonians during this COVID 19 crisis across the country  Mumbai Maharashtra LINK,neutral
30,1261061671063220224,0,en,"LINK
We must continue to impose strict stayathome orders everywhere until there is an effective vaccine All persons should expect to stay at home for the next 210 years",positive
31,1261137794354704387,0,en,Wonderful to be a Columnist at National Daily on Topic  Impact of COVID19 on Education Sector  Strategies to Success  at Focus News Daily There are few people who inspired this journey Mr Shiv Khera amp Mr Chetan LINK,positive
32,1252668703772217345,0,en,"If you cant explain it simply you dont understand it well enough Albert Einstein
COVID19  Pet Point Clinic LINK",neutral
33,1258727990760017920,0,en,"This WorldRedCrossDay lets promise ourselves to be a helping hand for those in need and help the world to heal faster

RedCrossDay WorldRedCrossday2020 HealthWorkers COVID19 IndiaFightsCorona redcrossday LINK",neutral
34,1260866628587315200,0,en,"HOME TREATMENT FOR ASYMPTOMATIC COVID19 PATIENTS IN URBAN AREAS IN ODISHA 

The Odisha government has modified the guidelines related to the treatment of COVID19 patients Those with mild symptoms or are LINK",positive
35,1252336727890395136,0,en,"ğŸ‡®ğŸ‡³ India

10 day forecast of 1464 dead This wave may last 19 days and see 872974 cases and 122 deaths Cases double every 70 days

ğŸ“ˆ LINK

ğŸ•“ 2004 CovidIndia

34",negative
36,1252624159290597376,0,en,madhya pradesh umaria Hindustan ka dil dekho covid19 appreciation by shri kumarvishwas  Umaria Railway Station LINK,neutral
37,1258627295587295233,0,en,Our Earth Says thanks to Corona virus for giving relaxation  Lingampally Hyderabad LINK,positive
38,1258723340082204675,0,en,Due to Corona LOCKDOWN lots of daily wage labourers lost their jobs amp were facing difficulties for arranging even the basic necessities At such times great sewa have been done by disciples of Sant Shri Asaram Bapu Ji Hats off to them à¤†à¤¶à¤¾à¤°à¤¾à¤®à¤œà¥€à¤†à¤¶à¥à¤°à¤®à¤¦à¥à¤µà¤¾à¤°à¤¾à¤•à¥‹à¤°à¥‹à¤¨à¤¾à¤¸à¥‡à¤µà¤¾à¤•à¤¾à¤°à¥à¤¯,positive
39,1260832506347216897,0,en,As part of Trinity Care Foundation Project focusing on Government Hospitals in Karnataka âœ¨ Visit LINK to know how you could support Medical Professionals amp Healthcare staff during LINK,neutral
40,1260883301046378501,0,en,Amid regular reports of protest and road blockades by migrants over poor quality of food and lack of basic amenities at COVID19 quarantine centres the Bihar government has announced that only those inmates who LINK,negative
41,1260957058737700865,0,en,"Sanatize on  corona
photopalshyd bizarrehyderabad
hindustanlive hyderabadlive photographersofindia storiesofindia indiaphoto soi soihyd streetphotographyindia indiapictures mypixeldiary moodygrams LINK",neutral
42,1251723894978985984,0,en,"Dear Physios

Admist of This COVID 19   
What is our role as a Physiotherapist 

Want to Know

Do Attend 

ABUSE Physio Plexus AcademyABUSE  
Is Hosting a Zoom Webinar on Topic 

ABUSE Role of Physiotherapists in Disaster LINK",neutral
43,1251730880881668097,0,en,Indian Red Cross Society Salcete branch COVID activity bulletin for 18th April 20  Indian Red Cross Society Goa LINK,neutral
44,1251772595420172296,0,en,"National Art Competition  COVID19
AWARENESS CAMPAIGNS
Student artist  Vedansh Gaur
Title  Corona virus effects on earth
Medium  peoples awareness
size  275X347
Prize
Address  Dwarikapuri LINK",neutral
45,1258613478010400768,0,en,"Travel stopped due to effectiveness of corona virus ğŸ¦  
travel maharana insta instagram bald instadaily instagood daily odisha  Berhampur Orissa LINK",negative
46,1260991067240960021,0,en,"ğŸ¤¸
Everybody is a genius
I am everybody ğŸ˜†ğŸ˜†






mask covid facemask skincare coronavirus masks art masker beauty corona n makeup love stayhome cosplay virus maskerwajah m like quarantine LINK",positive
47,1252170510663729152,0,en,"thejoker chaos cure joker jokerthemovie2019 quotes thejokerquotes 
Those who sell choas they sell cure as well
covid19 nwo newworldorder  Haala Vaay Paastayu Chudasama Nagar LINK",neutral
48,1258913958066565126,0,en,"Lockdown is going still 
please corona  go to your bill  Kaghzi Mohalla LINK",neutral
49,1261101939296780289,0,en,"MORNING ğŸŒ³ğŸŒ…


Shot On ï£¿iPhone


ilalitjangid shotoniphone ï£¿ apple 
rajasthan jodhpur village createathome 
lockdown nustaharamkhor covid carryminatimemes LINK",neutral
50,1251733282473086976,0,en,"Protect your Self and Family first which will protect the entire Society  

Stay Home Stay Safe 

Call ESPAC to buy Health Insurance amp Top Up Health Insurance including Covid19 cover 

Somnath Pal
Founder amp LINK",positive
51,1258704685785124866,0,en,"Mask for safety
Contact for inquiry

mask covid facemask skincare coronavirus masks art masker beauty corona n makeup love stayhome cosplay virus maskerwajah m like quarantine photography skin LINK",positive
52,1258949294394048512,0,en,Hats off the police department working on COVID19 ğŸ™‚  Nallapadu India LINK,neutral
53,1251956389938855937,0,en,"Dear Manmohan

Thanks for sharing experience of your Parivar Shakha

During ABUSE Covid  19ABUSE  pandemic support our needy community via ABUSE Digital HelplineABUSE  available on ABUSE UTKARSHABUSE 

We request you to join our UTKARSH LINK",positive
54,1258729212250292231,0,en,"Teleport gone wrong
Bored in the house
Bored in the house

haircut stayhome staysafe covid tiktok quarantine quarantined boredinthehouse editing homealone hyderabaddiaries hyderabad hyd pakkahyd LINK",negative
55,1258960081003085826,0,en,"Who bothers by corona 
The world of these beautiful weaverbirds is same life goes on the morning and season same and they have started making their nests this year too
àª¸à«àª—àª°à«€ àª®àª¾àª³àª¾ LINK",positive
58,1260907906389757954,0,en,"85YEAROLD WOMAN WEIGHING 2 KGS FROM ODISHA RECOVERED FROM THE CORONAVIRUS

An 85yearold woman weighing just 2 kg in Odishas Jajpur district has successfully battled against the current coronavirus instilling LINK",positive
59,1251853570258931712,0,en,Interview of Corona Virus  Whitefiled Bangalore LINK,neutral
60,1251891770071429120,0,en,"ODISHA GOVERNMENT TO CONDUCT 50 COVID19 TESTS IN BHUBANESWAR

The Odisha government on Friday decided to conduct tests on about 50 samples in hotspot Bhubaneswar There are 60 positive cases of coronavirus in LINK",positive
61,1252171158893420544,0,en,Coronavirus Why Chinas claims of success raise eyebrows LINK,positive
62,1252428199666966528,0,en,goodmorning homesweethome home rain morningvibes familylove love garden gardenlife car bike corona staysafe fish pond pnfarms pnfarmhouse  PN Farm House LINK,positive
63,1258613385878519808,0,en,"Learn âœï¸from home in your convenient time Download free App Mobishaala from Play Store Use Institute code ARSA2020 Get ready to overcome challenge arises due to corona outbreaksğŸ‘‡ğŸ‘‡

CBSE Board Physics LINK",positive
64,1260841254109220865,0,en,"Hello everyone we at PITARASHISH ACRYLICS
Are introducing various products to fight this pandemic COVID19
1 FACE SHIELDS ğŸ›¡ 
2 DISPOSABLE GOGGLES 
3 SNEEZE GUARDS 
4 INTUBATION BOXES LINK",neutral
65,1260978838995193857,0,en,"I Am Really Missing Going To GYM And Working Out Harderrr Sweating Out The Fat Its Been 2 Months Already Major Missing Praying To God To Set Us Free From This Troublesome Corona Virus



gymrat LINK",positive
66,1251740026003742727,0,en,"Trying to maintain my sanity in these difficult and unpredictable times 



homequarantine lockdown2020 coronavirus scare stayathome staysafe  Pune Maharashtra LINK",negative
67,1251774609667612677,0,en,Matterhorn mountain is illuminated with tricolor to stand in solidarity with Indians in the fight against coronavirus togetherwecan indiafightscorona  Palava  City of Opportunity LINK,neutral
68,1252453708434223110,0,en,"How can you prevent the spread of the coronavirus disease

Standard recommendations to prevent the spread of COVID19 include frequent cleaning of hands using alcoholbased hand rub or soap and water covering the LINK",positive
69,1252487192972341250,1,en,"Repost who
     
Q How can I grocery shop safely in the time of COVID19

coronavirus KnowtheFacts  Roorkee LINK",positive
70,1260870616003076096,0,en,"WE SALUTE YOU Dr monanaman and other corona warriors moms who had to be away from their kids on this Mothers Day 

ABUSE 

smilegifters coronawarriors mothersday supermoms LINK",negative
71,1252813474561880064,0,en,"ğŸ‡®ğŸ‡³ India ğŸ”¹âœ¨ğŸ”¹ğŸ”¹âœ¨ğŸ”¹âœ¨âœ¨ğŸ”¹âœ¨

Official cases 20080  145M
Est cases 109533  7937M
Change 1541  8

Deaths 645  047M
Change 53  9

Mort 321

ğŸ‘¨ğŸ½â€âš•ï¸Breathing LINK
ğŸ§˜ğŸ» LINK

ğŸ•› 204

24 LINK",neutral
72,1258775491391217664,0,en,"All these clothes Nowhere to goâ €
â €
â €
â €
â €
â €
everydaystyle wingedeyeliner neutrals ocnpresets selfielove quarantinelife quarantinestyle selfisolation covid19 coronavirus boredinthehouse everydaylife LINK",neutral
73,1260850573429084160,0,en,"Live Puppet Show for Kids on Corona Safety
15May2020 10AM on facebook
LINK  Indore India LINK",positive
74,1260919789603532803,0,en,"Types of Ladies Shoes 

Follow us for regular fashion and lifestyle updates 

If you like the post please dont forget to share 

Visit Us LINK

fashion coronavirus lockdown lockdownlife LINK",neutral
75,1252114740412899330,0,en,ğŸ¦ ğŸ¦ ğŸ¦ ğŸ¦ ğŸ¦ Indian startups fighting COVID19 A number of Indian startups are assisting the govt in fighting the pandemic with new techğŸ“‡ğŸ•´ğŸ‘¨â€ğŸ’¼ğŸ‘©â€ğŸ’¼ğŸ‘”  Delhi India LINK,positive
76,1252677660871974913,0,en,"ğŸ‡®ğŸ‡³ India

ï¸ StayAtHome

Notes Heavily Lockeddown Unreliable Data Poverty

ğŸ•“ 2104 Covid19

44",negative
77,1258701971013459969,0,en,"Asana  Yoga Challenge 

Entry  Rahul kumar sharma rahulkumargupta668

Asana name sirsasana
It will strengthen immunity that will be helpful to fight against corona virus It helps in better blood regulations LINK",positive
78,1258752034620219392,0,en,If you want to lift yourself up lift up someone else Sant Shri Asharamji Bapu jis disciples are working day and night for the upliftment of those who are badly hit during corona lockdown à¤†à¤¶à¤¾à¤°à¤¾à¤®à¤œà¥€à¤†à¤¶à¥à¤°à¤®à¤¦à¥à¤µà¤¾à¤°à¤¾à¤•à¥‹à¤°à¥‹à¤¨à¤¾à¤¸à¥‡à¤µà¤¾à¤•à¤¾à¤°à¥à¤¯,negative
79,1260844673356255232,0,en,Wows congress is fake due to coronavirus no mosque stay home safe but no fear lockdown in the occupation coronavirus fuckhumanity stayhome coronavirus wows imbecomeno1 destroyed partnerships sorrynotsorry LINK,negative
80,1260856169138212864,0,en,"Looking For Beautiful Home interiors 
Call our experts on 9241117111 TASAinteriordesigner Bangalore Factory up and running with all Covid Saftey and hygiene protocols in LINK",positive
81,1252270021109338114,0,en,"Beautiful memories of the Himalaya that I miss in this time of lockdown 



covid19india coronavirus indiafightscorona himachaligers quarantine homequarantine  lockdownindia lockdown2020 LINK",positive
82,1252676428518342656,0,en,"We all need to Stay Home and be safe 
Always wear a mask whenever go outside stayhomesavelivesğŸ™ğŸ» gharbaithoindia corona pandemic coviÌ‡d19 quarantine  Greater Noida LINK",positive
83,1252677577514328065,0,en,"Health is a Greatest amanah of Allah swt
May Allah cure all those who are affected with coronavirus Aameen
hijama hijamah hijamatherapy hijamatherapist cuppingtherapy cupping prophetmuhammad detox LINK",positive
84,1258664292062240773,0,en,"Task Covid19 WarRoom 
With Additional Collector Shri Rohan Saxena Ji at SGSITS War Room Covid19 WarRoom Indore Team FieldSurvey Covid19App Surveillance IndoreJeetegaCoronaHarega PunitKumarDwivedi LINK",neutral
85,1258964092989120513,0,en,Install Aarogyasetu App and be safe from coronağŸ™ğŸ™ğŸ™  India LINK,positive
86,1260981573849055234,0,en,"covid19 
keralafightback 
keralamodel 
stayhomestaysafe  Calicut India LINK",neutral
87,1251764308217921537,0,en,"HelloSurties

POSITIVE Patient 56 years Rizwanaben Rafiqbhai Saniya Residency Rander Gorat
passed away 3 Deaths in Surat in last 36 hours Total Death raised 8

corona update surat  Surat Gujarat LINK",positive
88,1258746864888938497,10,en,"Proud to be a CoronaWarriors 
posted at FluOpd for Covid Suspected patients
corona coronafighters  Bhopal Madhya Pradesh LINK",positive
89,1260979894487580674,0,en,"I Am Really Missing Going To GYM And Working Out Harderrr Sweating Out The Fat Its Been 2 Months Already Major Missing Praying To God To Set Us Free From This Troublesome Corona Virus



gymrat LINK",positive
90,1261149103213490178,0,en,"Looking For Beautiful Home interiors 
Call our experts on 9241117111 TASAinteriordesigner Bangalore Factory up and running with all Covid Saftey and hygiene protocols in LINK",positive
91,1251727682318020609,1,en,"Hello Friends
RajGardenPlants ROOKHRAJPAUDHSHALA
memories covid19 corona IndiaFightsCorona stayhome staysafe Shayari love ishc pyar poem gazal poetry poet shayar write writing write kavi kavita LINK",positive
92,1252507247625809920,0,en,"In the Times of coronavirus  induced confinement of the world thanks to the neighbor in the North things have become different in the world Everyone is suffering 
Here is wishing people at large a trip to their LINK",positive
93,1258713327297073153,0,en,Wows Boris Johnson agreed with trump became number one but American people know trump number one famously make America great again God blessed America due to coronavirus and then i have blamed Israel China India LINK,positive
94,1258812976989122564,1,en,"Story of extraordinary courage Dedication and Valour
Dr Zahid DM critical care resident from AIIMS Delhi showed exceptional valour and dedication while catering to a COVID patient While on duty he was not even LINK",positive
95,1260846747594698758,0,en,"Get Ready for Covid19 Taking Perfect Care of your Social Events MEMORIES we are ready for Making it PERFECT
theacresclub 
RamadaNaviMumba 
parknavimumbai 
OR 
yourplace

Call for Consultation  Mumbai LINK",positive
96,1252053382979715074,0,en,Trumps hype for state lockdown protests puts Twitter and Facebooks new COVID19 policies to the test LINK LINK,positive
97,1252171160722145282,0,en,China Zeroes in on Coronavirus Patients With No Symptoms as New Infections Rise LINK,positive
98,1258749782086033408,0,en,"BHUBANESWAR FIRE SERVICE SANITIZED THE LINGRAJ TEMPLE 

The 1thcentury old Lingraj temple in Bhubaneswar was sanitized by the fire services personnel amid coronavirus pandemic They sanitized areas including Ravi LINK",positive
99,1260984016922193920,0,en,SkanRayMahindra ventilator especially designed for Coronavirus is ready for production â¦â¦mahindrarise  Vardhaman Institute of Medical Science LINK,positive
100,1251724362761351168,0,en,My work on SOCIAL DISTANCE in lock down periodcrack covid 19crack coronastay homestay lifestay safestay fitstay healthydo warm upgymexcersizesartartistsexpress thorough art in my languagegovtof LINK,positive
101,1251775869921767425,0,en,Masala pad is what I needed for Sunday afternoon crunch ğŸ˜ whats for lunch today foodiesofindia pad indianfood mumbai covid homemade  Mumbai Maharashtra LINK,neutral
102,1251791002970599425,0,en,"effect of corona at ncr chawribazar 
Then and now full of and filled with delhi cops
One of the busiest bazar in india  Full of crowded with civilians   Chawri Bazar LINK",positive
103,1252200538269265921,0,en,When there was no corona virus in the world ğŸ’  Traffic Gastropub LINK,neutral
104,1252314661153882116,0,en,"Equip yourself with high immunity stay healthy ğŸ’ª

ğŸ‘‰ order now ğŸ‘ˆ 7000929113 

 healthdrink Healthiswealth COVIDãƒ¼19 
 indore saketnagar
nitiaayog pimr startupindore
saketnagar indoretalk LINK",positive
105,1258969830834630656,0,en,A statue of a mother and her child in Kolkata has been masked to make people aware of the coronavirus epidemic StayHomeStaySafe IndiaFightCorona  Jaipur Rajasthan LINK,positive
106,1260913560651280384,0,en,"Time to reflect back on our hobbies Spread positivity

reflection positivevibes positivity coronavirus socialdistancing covid19 stayhome staysafe staystrong stress meditate takecare plasticfreeliving LINK",neutral
107,1260939446251401217,0,en,Corona Virus  from Reel toÂ Real LINK,positive
108,1260985941365317632,0,en,"953 Windows for a view
Eventually everything will align with nature 


Positive effects of Covid19ğŸ‘ğŸ»


Repost ni3murkute 


DM to get feature


hawamahal wind palace palaceofwinds jaipur LINK",positive
109,1251730233029464064,0,en,"Yet another feat by students of Graphic Era 

Putting their education and skills to the best use possible our alumni have developed a robot to help doctors and nurses fight the war against COVID19  Dehradun LINK",positive
110,1251928811517730816,0,en,"Another CORONA warrior Falls
Salute nd respect  Warriors of Dharma LINK",neutral
111,1258652678499926016,0,en,"This Red Cross Day we want to thank doctors and nurses for their selfless dedication in trying to the world from COVID19

 doctors nurses RedCrossDay RedCrescentDay TheRealHeroes COVID19 Covid19 LINK",neutral
112,1258729632083435521,0,en,Philanthropy is all about making a positive difference in the world by devoting your resources and your time to the needy ones Kudos to disciples of Sant Shri Asaram Bapu Ji for their Covidrelief works ğŸ‘ŒğŸ»ğŸ‘ à¤†à¤¶à¤¾à¤°à¤¾à¤®à¤œà¥€à¤†à¤¶à¥à¤°à¤®à¤¦à¥à¤µà¤¾à¤°à¤¾à¤•à¥‹à¤°à¥‹à¤¨à¤¾à¤¸à¥‡à¤µà¤¾à¤•à¤¾à¤°à¥à¤¯ LINK,positive
113,1260872544036491270,0,en,Support Medical Professionals and Healthcare workers with N95 Masks PE Kits Gloves Sanitizers and other medical products during this covid19 crisis ğŸŒJoin the Fight against Covid19 and Contribute  LINK,negative
114,1252454036273606656,0,en,"How can you prevent the spread of the coronavirus disease

Standard recommendations to prevent the spread of COVID19 include frequent cleaning of hands using alcoholbased hand rub or soap and water covering the LINK",positive
115,1258631085350694913,0,en,"Lockdown 30 A Ready Reckoner 
Look what is Prohibited Lockdown3 coronavirus  IT Roorkee LINK",positive
116,1258769652790054913,0,en,During Corona Lockdown disciples of Sant Shri Asharamji Bapu are engaged in serving humanity all over the country à¤†à¤¶à¤¾à¤°à¤¾à¤®à¤œà¥€à¤†à¤¶à¥à¤°à¤®à¤¦à¥à¤µà¤¾à¤°à¤¾à¤•à¥‹à¤°à¥‹à¤¨à¤¾à¤¸à¥‡à¤µà¤¾à¤•à¤¾à¤°à¥à¤¯ LINK LINK,neutral
117,1251862435633393664,0,en,"HelloSurties

17 More positive found on the evening of 19th April 20

evening corona update covid19  Surat Gujarat LINK",positive
118,1252453867482120200,0,en,"How can you prevent the spread of the coronavirus disease

Standard recommendations to prevent the spread of COVID19 include frequent cleaning of hands using alcoholbased hand rub or soap and water covering the LINK",positive
119,1258615035397537800,0,en,"Even Coronas Goa plan got cancelled ğŸ¤£ ğŸ»
 

Goa became green zone with zero cases By the way were going Goa from 30th July  2nd August Want to join in Visit LINK for details
What You LINK",negative
120,1258766503249313793,0,en,"Beautiful uttrakhand ğŸ¥°

ğŸ“· follow abhishekfirmal ğŸŒ¿

awesome beautiful love peace bliss nature india beautifuluttrakhand lockdown covid19 wow life myuttrakhand hills travel world us europe uk LINK",positive
121,1260855541133344768,0,en,"Fungus on branded stuff due to mall lock downğŸ˜“ğŸ˜“ğŸ˜“ğŸ˜¥ğŸ˜¥
Hard reality ğŸ˜£ğŸ˜£ğŸ˜£

indiafightscovid
covid19
newnormal covid 19

Start living your life with corona virusImprove your immune LINK",negative
122,1261002852031279104,0,en,Emotional ROI should be one of your key performance indicators during COVID Video LINK LINK,neutral
123,1261066830099161095,0,en," The Corona Warriors 
Keep   Distance 
Wear  Mask
Wash Hands  Mumbai Maharashtra LINK",neutral
124,1251774434811228160,0,en,"Listen this beautiful motivational song on corona
narendramodi sir posted this on his social media accounts too

After so long i played Dholak amp tried to cover this song on my instrument
Sorry for the LINK",positive
125,1251880580939218945,0,en,Thank you Switzerland ğŸ‡¨ğŸ‡­ especially Zermatt for showing solidarity for India ğŸ‡®ğŸ‡³ in its fight against the Covid19 Pandemic  Never thought I would see Matterhorn in Tricolours  Very Touching Gesture Thank you for LINK,positive
126,1260916169927786497,0,en,A chaifie in coronavirus times says Dr Pankaj Malhotra as he takes a Chai Break in the middle of a super busy day chaiforcancer is close to my heart he says because of its simplicity amp because it effectively LINK,positive
127,1261126937625407494,0,en,"covid19 lockdown 
gajraaj afterAlongTime 
If you are joyful by your own nature you will do your best and that is all that matters
shadesofshivanjali  India LINK",positive
128,1251774805352878080,0,en,"Grocery Kit Distribution to Needy People
befojji befojjiopsec 
LINK

coronawarriors civilarmy befojji befojjiorganisation teambefojji coronavirus  Surat Gujarat LINK",neutral
129,1251774928833187840,0,en,"meduvada first try from scratch

lockdown coviÌ‡d19 covid cooking foodlover pune punedairies  Gk Silverland Residency Phase 1 LINK",positive
130,1251932205468848130,0,en,"Hello Friends
RajGardenPlants covid19 corona IndiaFightsCorona stayhome staysafe Shayari love ishc pyar poem gazal poetry  shayar write writing write kavi kavita dard  heart dil heartbroken LINK",positive
131,1252207018967875584,1,en,UTC 7  IN    Here Are Some Health Benefits of Going Vegan Vegan people follow a plantbased diet and do not eat animal products including dairy meat  Here is the coronavirus in India live news updates View article LINK,positive
132,1252426004250804224,0,en,Cant even imagine what they are going through during these tough times Daily wage workers from Crawford Market Mumbai Shot before Covid19 ğŸ˜  Mumbai Maharashtra LINK,negative
133,1252670241982865408,0,en,"NEWS OF COVID19

1 TA TIMES Dandia Bazaar Char Rasta opp Fire Brigade vadodara
2 TA TIME Raopura char rast opp Khodiyar mata temple navrang cinema road Vadodara
CALL  91922883
Shop Online From LINK",neutral
134,1258659965654503424,0,en,"Like a caterpillar we were roaming and consuming everything in our path recklessly ğŸ¤¦â€â™‚ï¸
This Covid19 quarantine or  isolation or social distancing is a nature given opportunity for our Metamorphosis stage LINK",positive
135,1258760650727329793,0,en,"ODISHA TO CONDUCT ROADSHOWS ACROSS THE COUNTRY TO PROMOTE DOMESTIC TOURISM FOR THE STATE

The state government is gearing up to reestablish the Covidhit tourism sector of the state by conducting roadshows across LINK",neutral
136,1260950241848762368,0,en,"Although Kerala was the first state to report cases of coronavirus in India its also among the best in containing its spread


LifelineLaboratory  MakeAndWear RoutineTest HealthCheckup HealthyLife LINK",positive
137,1252478037326794753,0,en,"CORONA VIRUS

WORK IN PROGRESS

corona virus horse uddhavthackeray ridding stopping coronavirus stop drawingart conceptart visualart design ballpen penart artistsoninstagram instart story new LINK",positive
138,1258772225991327746,0,en,"â›”ï¸NEW VIDEO trailer  linkinbioğŸ‘† 
kolkata cityview after 43 days of lockdown during this coronavirus coronavirisoutbreak  watch the VIDEO on my youtubechannel 
â›”ï¸ ShotOniPhone amp editedbyme  LINK",positive
139,1252553981802557440,0,en,"Thanking all the Frontline fighters for controlling the spread of COVID19 and keeping everyone safeğŸ˜„

baywatchresortgoa dudhsagarsparesort baywatchexpress sandahotels coronawarriors bestrong bepositive LINK",positive
140,1252813476726071296,0,en,"ğŸ‡®ğŸ‡³ India

10 day forecast of 1533 dead This wave may last 133 days and see 841591 cases and 1782 deaths Cases double every 78 days

ğŸ“ˆ LINK

ğŸ•› 204 CovidIndia

34",negative
141,1258709844401455104,0,en,"Cute comfy cozy amp casualâ €
â €
â €
â €
everydaystyle wingedeyeliner neutrals ocnpresets closeupshot quarantinelife quarantinestyle selfisolation covid19 coronavirus boredinthehouse everydaylife LINK",negative
142,1260916984721682432,0,en,"
Covid19 Relief Package Top Five Income Tax Relaxations

Finance Minister Nirmala Sitharaman has announced a slew of direct tax measures as part of the Covid19 relief package Prime Minister Narendra Modi LINK",positive
143,1260953255770836992,0,en,A 13 year old kid who went for heart surgery to Mumbai under a Govt Scheme also turned Covid19 positive along with some other cancer patients who recently returned from Mumbai Assam Govt has decided to keep her LINK,positive
144,1252161090663911424,0,en,"Uttar Pradesh Chief Minister Yogi Adityanath ji will not take part in the last rites of his father tomorrow to ensure enforcement of lockdown and to defeat coronavirus pandemic in the state 

ğŸ™ğŸ™  Khaga LINK",neutral
145,1252382917730299906,0,en,Do you think a depressed person could make this en Its Corona TiMe LINK,neutral
146,1252516306894684160,0,en,COVID CANT STOP LEARNING PART 4 MATTER AROUND US LINK LINK,neutral
147,1258709900231872512,0,en,Can you believe mango season the good Alphonso season is almost over ğŸ˜ğŸ¤¦ğŸ»â€â™€ï¸ how do you like enjoying your mangoes ğŸ¥­ I like eating it best plain foodiesofindia mango summer yellow mumbai coronavirus LINK,positive
148,1258781701611945990,0,en,lockdown 20  My love story with food  It is indeed a hardtime for the whole world fighting the virus covid19 but then these are the times we come to know who stands with us LINK,positive
149,1261130701124009984,0,en,"Throwback to our last trip as a family before COVID precautions started gripping India

We found this place to be a beautiful place for a stop over with lovely views from their cafe right after crossing Sakleshpura LINK",positive
150,1252071717448515584,0,en,"Hello Friends
RajGardenPlants ROOKHRAJPAUDHSHALA
memories covid19 corona IndiaFightsCorona stayhome staysafe Shayari love ishc pyar poem gazal poetry  shayar write writing write kavi kavita LINK",positive
151,1252533109293277184,0,en,"5 days ago Shri rahulgandhi highlighted certain important factors in his press conference to strengthen our flight against COVIDãƒ¼19
However few tried to mock him Now the who and several professors Doctors LINK",positive
152,1252626639738961920,0,en,"Wear a mask 

wearamask usemask covid19 corona coronavirus preventcorona stayathome breakthechain indiafightscorona covidcare socialdistancing2020 socialdistance staysafe who  Thrissurkerela LINK",neutral
153,1258694231465607168,0,en,"Good afternoon Friends
RajGardenPlants ROOKHRAJPAUDHSHALA
corona covid19 IndiaFightsCorona stayhome staysafe family savefamily coronafreeindia coronafreeworld keepsocialdistancing washyourhands LINK",positive
154,1252561879156826112,0,en,On CivilServicesDay we all appreciate the enormous contribution of countless civil servants Their collective efforts are today helping the nation to combat CoronaVirus The entire nation values their work  LINK,neutral
155,1258669394634461185,0,en,"CORONA is No Joke
Dr Ranjit Singh from Govandi expired yesterday Today there is another sad news of his wife passing  awaydue to Corona 
RIP
 ğŸ™ğŸ»
Another doctor couple from Govandi 
Succumb to death ğŸ’€ 

 LINK",negative
156,1258723673810235392,0,en,How Coronavirus vaccines  are being developed  Dombivli India LINK,positive
157,1260867395587104768,1,en,Gratitude towards coronawarriors Doctors working at gmcnagpur They are working hard 24x7 to serve covid19 patients Thanks annakshetra hersheysindia indiafoodbankingnetwork Team arunaspurohit  Government LINK,negative
158,1260881940284088320,0,en,"As parents  all of us are worried about our kids schooling due to COVID19 situation

Its obvious theyre going to miss Schooling Learning amp most importantly Socializing for at least couple months but whats LINK",positive
159,1251900219576463365,0,en,A concert in your living room performed by each artist from their home stayhomestaysafe togetherathome togetherathome stongertogether fightingcorona covid19 thistooshallpass jayston jaystondsouza  Thane LINK,neutral
160,1252554164485402624,0,en,"Team SKNMCampGH  Community Outreach Psychosocial counseling of migrant workers for their mental well being during COVID19 Epidemic day1

mentalhealth migrantworkers communitypsychiatry

sknmcgh punecity  LINK",negative
161,1252607076003708929,0,en,Indian Red Cross Society Salcete interaction and COVID awareness for the construction team of Ctr Santosh George on 17th April 20 at Aquem and Agalli Margao Goa  Indian Red Cross LINK,neutral
162,1252795255298162691,0,en,"Inadia Very Positive News ğŸ™‚

coronafightsindia coronavirus 
positivenews  Begusarai LINK",positive
163,1260979750878752771,0,en,"What we want 
N 
What we get

coronavirus lockdown netflix lockdown4 strangerthings4 negiup quote new  Negiup ProductIons LINK",positive
164,1252125175971287040,0,en,Stay Home Safely Thank u ğŸdoctos nurses sanitaryworkers police government public  tiruppur coimbatore chennai covoid19 corona selfquarantine  preventions symptoms design logo creatives support LINK,positive
165,1252250664400453632,0,en,"Mysore off late is being dubbed as the Corona Capital of Karnataka  But this culturalcapital is also famous for WasteManagement

Thanks to eco conscious people like deepaaashi who dabbles between photoshoots LINK",positive
166,1252467454632235008,1,en,"We were visited by the goodest boy last summer

mahulifarms
nature
ecotourism 
agrotourism 
weekendgetaway 
ecoresortnearmumbai
resortnearmumbai 
resortsnearthane 
coronavirus
socialdistancing 
stayhomestaysafe dogs LINK",neutral
167,1258682827651989504,0,en,"LINK
Huge shoutout to all of you for your generosity 
Lets continue to fight against covid19

I have supported  even you all can support and show some love to CHD group 
About LINK",positive
168,1251738753896497153,2,en,LETS REPAIR OUR PLANETJUST STAY HOME AND LET THE POLICEHEALTH WORKERS amp DOCTORS DO THE JOB please cooperate STAY HOME and prevent SPREAD of CORONA  Agra Uttar Pradesh LINK,neutral
169,1251738872209342464,0,en,If he can why you cant Start exercise beat CORONA exercise pullups abs masti muscles photography  Kothrud LINK,neutral
170,1251881302552428544,1,en,"Follow teamvivekbindra For Business Growth

All our Businessmen are in Tremendous Tension that How to Handle Business in PostCorona Lockdown period  The Strategy to Bonce Back after Corona Lockdown
How to Manage LINK",positive
171,1252062631155785728,0,en,"To be successful who makes things happen
ğŸ”¥ğŸ”¥ğŸ”¥ğŸ”¥
âœâœâœâœ
LikecommentShare 
âœâœâœâœ
ğŸ™ğŸ™ğŸ™ğŸ™
Lockdown in India FIGHT with CORONA
âœŠGO CORONA GO
3fa4df950165490 ğŸ‘ˆğŸ‘ˆğŸ‘ˆ
Go Corona Go
ğŸ™ğŸ™ğŸ™ğŸ™
STAY HOME SAFE LIFES 
ğŸ™ğŸ™ğŸ™ğŸ™
Type Yes  LINK",positive
172,1252433982551023616,0,en,"Maybe corona will come maybe its too much for us but its all on you Because if we cant protect the Earth you can be damn sure wel avenge it 
Be ready  gocorona lockdown2020 lockdown  Mumbai Maharashtra LINK",positive
173,1258695908956520448,0,en,coronavirus no garda  Shreeji Residency LINK,neutral
174,1258699251984580608,0,en,Foodstuffs delivery service to Abroad by Parcel Line Express selected countries worldwide 35days delivery service at most affordable rates services availabe after Covid19 Lockdown 30  Parcel Linex India LINK,positive
175,1260947600171102208,0,en,"Our Psychological Wellness Centre is continuing to help you even during this tough isolation period with all anti COVID19 aseptic precautions by appointment only Evening 730 onwards

euthymia LINK",negative
176,1252206424664551426,0,en,"Which came first the chicken or the egg

Series Life Under Lockdown
Shot in Mumbai on a grocery run

stayhomeÂ documentyourdays Â staysafe Â covid19 Â streetsofindia Â streetsofindia Â 35mm LINK",negative
177,1252445429696016386,0,en,Shit I thought Singapore had it all under control This just shows how unpredictable this virus is and even when we think we have controlled it theres a resurgence Very tough LINK,negative
178,1252487422350364673,0,en,"Repost GEUOfficial getrepost

News
Always take the lead in helping those less fortunate than you 
Graphic Era has donated over 3500kgs of food to those afflicted with the coronavirus and has declared to LINK",positive
179,1252488238159269888,0,en,"Alert old pic

barbet following lockdown as per government orders  covid coviÌ‡d19 lockdown2020 barbetsofinstagram kolkata centralpark birdsofinstagram saltlakecity saltlake calcutta naturephotography LINK",positive
180,1252560939238461440,0,en,"STAY HOME ğŸ¡ 
STAY SAFE ğŸ˜·
SAVE LIVES ğŸ‘¨â€ğŸ‘©â€ğŸ‘§â€ğŸ‘¦



stayhome stayhomevibes india corona quarantine staysafe stay home safe save lives gocorona lockdown lockdown2020  India LINK",positive
181,1258631254028824577,0,en,Beat the heatindiafightscorona covid19 quarantinelife tips precautions homequarantine usefultips stayhome staysafe stayhealthy staystrong staypositive stayconnected togetherwecan wearmaskğŸ˜· mask LINK,neutral
182,1258687509564919810,0,en,The Mighty Djinn from the Small Lamp At the Carnival in Goa some color to break the dull  coronavirus days of lockdown and the failing economy of the globe  Mapusa India LINK,negative
183,1261121929064280067,0,en,"News Updates

InternationalStudents postgraduation work permit eligibility WONT be affected if your Fall2020 courses will be online due to COVID19 Students can begin programs online from outside Canada and LINK",negative
184,1261130992129134592,0,en,"Alumnus of Heritage Institute of Technology at Oxford University Covid19 vaccine team Press clipping in TOI 27th April 20 cover page LINK
covid19 coronavirus stayhome staysafe  Heritage LINK",neutral
185,1251767181471342593,1,en,"Follow teamvivekbindra For Business Growth

All our Businessmen are in Tremendous Tension that How to Handle Business in PostCorona Lockdown period  The Strategy to Bonce Back after Corona Lockdown
How to Manage LINK",positive
186,1252316386086576129,0,en,"Equip yourself with high immunity stay healthy ğŸ’ª

ğŸ‘‰ order now ğŸ‘ˆ 7000929113 

 healthdrink Healthiswealth COVIDãƒ¼19 
 indore saketnagar
nitiaayog pimr startupindore
saketnagar indoretalk LINK",positive
187,1258681519868203009,0,en,"My editing skill is surely improving in this corona time ğŸ¤£
Yoga is love ğŸ’•
yogaonline
onlineyoga stayhome stayhappy stayhealthy covÄ±d19 yogalifestyle backbends yogastretch  yogainstructor yogainspiration LINK",positive
188,1258682950968922112,0,en,"I swear

merachainvainsabujda merachainwainsabujda merachainwainsabujdasongğŸ˜ğŸ˜˜ coronavirus covid covid19 covid19 bollywood bollywoodmemes bollywoodsongs  HCG Cancer Centre Vizag LINK",neutral
189,1261148642800525314,0,en,"Join us for LIVE Interaction with ABUSE Dr Jay M Panchal AhmedabadABUSE  by using this link LINK
   ABUSE For Pain Management amp Cancer Palliative CareABUSE   during COVID19 on 
Date May LINK",positive
190,1251891116233891845,0,en,"DOs AND DONTs FOR PEOPLE WORKING FROM HOME BY ODISHA GOVERNMENT

The Odisha government issued an advisory for people working from home during this lockdown period The Coronavirus has led to people working for LINK",neutral
191,1252141873680076805,0,en,"Centers for Disease Control and Prevention cdc reported that obesity and its associated conditions have put people at higher risk of COVID 19 complications 

Time to fightobesity 

coronaandobesity corona LINK",positive
192,1252813477967654912,0,en,"ğŸ‡®ğŸ‡³ India

ï¸ StayAtHome

Notes Heavily Lockeddown Unreliable Data Poverty

ğŸ•› 204 Covid19

44",negative
193,1258640818186997760,0,en,"FirstQuarantineBirthday in 25 years Birthday celebration at home after long 4 years 

25thbirthday familytime homequarantine covid19  Smart City  Gwalior LINK",positive
194,1258679624021823488,0,en,"Will a postcovid India be any different

The corona pandemic has rattled everyone will the postcovid period be worse Please reach out fir my blog to read and share this article Link to my blog given in my LINK",negative
195,1251803177982275586,0,en,"You are what you eat
We are who we feed

The food hospitality industry has been hit substantially by COVID 

But We are who we feed

Life emotions and celebrations have taken a completely new LINK",positive
196,1252336725495558144,0,en,"ğŸ‡®ğŸ‡³ India

Covid19 Fast spreading but improving slightly contagion Est 001 of pop infected Peak daily deaths of 272 in 21 days Proj death toll 122 in 109 days

ğŸ•“ 2004

14",positive
197,1252773647888068613,0,en,"Just rememberu cant climb the ladder of success with your hands in your pocket
â˜ï¸â˜ï¸â˜ï¸â˜ï¸
ã£â—”â—¡â—”ã£
  LikeCommentShare 
ğŸ™ğŸ™ğŸ™ğŸ™ğŸ™ğŸ™ğŸ™
DAY Of Lockdown in India FIGHT with CORONA
âœŠGO CORONA GO
3fa4df950165490 ğŸ‘ˆğŸ‘ˆğŸ‘ˆ
Go LINK",positive
198,1252115636119109637,0,en,"StayHome
tntogetheragainstcorona
test for covid19 RTPCR for the policemen in tirupathur district started today safety of frontline warriors against covid19 is of paramount importance
à®•à¯Šà®°à¯‹à®©à®¾ à®¤à®Ÿà¯à®ªà¯à®ªà¯ LINK",neutral
199,1252144586924781571,0,en,"Home creativity ğŸ˜›
stayhome
staysafe yogastretch yogastrong yogainstructor yogainspiration yogateacher yogatravel yoga covid19 covid19 lockdown2020 lockdown  yogamotivation Â yogajourney  healing LINK",neutral
200,1252216380356587523,1,en,"SalmanKhan shared his special coronavirus themed song Titled  PyaarKarona 
He talked about allÂ things positive amid the crisis through the trackÂ He said Emotionally pass raho aur physically duurr raho na
Sare LINK",positive
201,1252407105971056641,0,en,"Dont ever decide to stop you
ğŸ”¥ğŸ”¥ğŸ”¥
Are u agree me ğŸ‘‡ğŸ‘‡
Like itğŸ‘ğŸ‘
ğŸ™ğŸ™ğŸ™
LikeCommentShare 
ğŸ‘¨â€ğŸ’»ğŸ‘¨â€ğŸ’»ğŸ‘¨â€ğŸ’»
Lockdown in India FIGHT with CORONA
âœŠGO CORONA GO
3fa4df950165490 ğŸ‘ˆğŸ‘ˆğŸ‘ˆ
Go Corona Go
ğŸ™ğŸ™ğŸ™ğŸ™
STAY HOME SAFE LIFES LINK",positive
202,1252518939206303744,0,en,"Will independent INDIA get INDEPENDENCE from clutcing and crushing CORONA  COVID19 by AUGUST 15th 20  

What NORTH KOREA did when it is engulfed with COVID19 

Why the MINISTRY OF FINANCE knowingly pushed LINK",positive
203,1258656826930806785,0,en,"Greetings of à§¨à§«à¦¶à§‡ à¦¬à§ˆà¦¶à¦¾à¦–  Rabindra Jayanti do visit the blog and subscribe by hitting the Bell icon
LINK

à§¨à§«à¦¶à§‡ à¦¬à§ˆà¦¶à¦¾à¦–
ravindranathtagorejayanti 
bongo 
covid19 
sketching
jamshedpur  Kadma LINK",neutral
204,1260820978390765568,0,en,Wows never forget never give up the world trump Boris France Germany Israel India Russia China n more countries fear in the occupation due to coronavirus number one organization around the world more than 4 LINK,positive
205,1260845185833078784,0,en,"Happy customer 

facemask skincare mask covid maskerwajah beauty coronavirus skincareroutine maskerorganik masker facemasks n facemaskmurah maskermurah makeup stayhome selfcare maskerbubuk corona LINK",positive
206,1261129134320672770,0,en,Best way to support the Corona warriors is not by saying well done but by saying  we will do exactly what you tell has to do to fightğŸ˜Š,positive
207,1251888835123912711,0,en,"Glad to be a part

Hausla will release on Tuesday 21st April 20We all53 singers collab together to support india and fight against covid19 
timesmusichub elvisval sanchitmuzik roypallavi1 anubhutikkt106 LINK",positive
208,1260859075958640645,0,en,As the city that never sleeps experienced a calm like never before the mumbaipolice has risked their own lives to ensure that the nationwide lockdown is implemented and followed While the number of COVID19  cases LINK,positive
209,1251746564856401921,0,en,"Love is all around us At times of Corona 
untiltomorrow COVID19 LOVEYOURPETS staysafe stayhomesavelives stayhomeclub loveanimals  Bangalore India LINK",positive
210,1251791086139383808,0,en,This is still a very low number The trend continues Hope the Doomsday predictions dont come true Will be a massive boost for khan if he is able to control the spread LINK,positive
211,1251793672603041793,0,en,"Please stay at home and follow these guidelines because these are very important to protect you your beloved ones and for the country

influxinfotech IndiaFightsCorona covid19 coronavirus coronawarriors LINK",positive
212,1258774338024566784,0,en,Contribute for COVID19 Fighters  Kolkata  The City of Love LINK,positive
213,1258774859762429955,0,en,What is the point of this tweet LINK,neutral
214,1260813195331219456,0,en,"METHI NA GOTA straight from renupatel kitchenğŸ˜‹ğŸ˜‹

Though you are in London you can still make us crave who are in Gujarat

foodainment gujjufarsan snacks breakfastideas breakfast quarantine corona LINK",positive
215,1260814876710072320,0,en,"Hey ğŸ‘‹ Check out my New Blog  
NOSTALGIA IN THE TIME OF COVID 19

Feel the love and remember how and when you met your life partners Join me down memory lane to rekindle the flame ğŸ”¥ and the friends and family LINK",positive
216,1260855106746175488,0,en,"Looking For Beautiful Home interiors 
Call our experts on 9241117111 TASAinteriordesigner Bangalore Factory up and running with all Covid Saftey and hygiene protocols in LINK",positive
217,1261014324308398080,0,en,"Its My Birthday Today 
My Birthday Wish is to Have No More New COVID19 Cases a Week From Today ğŸ™ğŸ»ğŸ˜˜
Let All Pray Together 
Miracles May Happen Any TimeLets Hope For The Best 
STAYSAFE STAYHOME SAVELIVES  LINK",positive
218,1252090329022394373,0,en,"who is this
ğŸ¤”ğŸ¤”ğŸ¤”
Covid19India covid ModiUncle ModiLies bjp ğŸ˜
india  Gujarat LINK",neutral
219,1252236030851215364,0,en,kolkata fights against Coronavirus ğŸ’ª  Kolkata  The City of Love LINK,positive
220,1258729664345862150,0,en,"Teleport gone wrong
Bored in the house
Bored in the house

haircut stayhome staysafe covid tiktok quarantine quarantined boredinthehouse editing homealone hyderabaddiaries hyderabad hyd pakkahyd LINK",negative
221,1258736039356743680,0,en,Our relentless effort to bring smile among underprivileged communities during lockdown situation in India Food and medical supply distribution going on regular basis Help us to fight against COVID 19 pandemic LINK,positive
222,1258851709998301184,0,en,Damn Modi is really resourceful He actually managed to get the deadly Corona virus released from Wuhan Right under Chinese noses  LINK,positive
223,1251723136929869824,0,en,ha covid19 coronaVirus ğŸ˜  Perfect Nine Super Market Store LINK,positive
224,1258727575372787713,0,en,"Won 2nd prize in MAIL contest by visualhousetvh for Indian Corona Rap Check the Video on YouTube
contest rap song tvh today coronavirus motivation coronawarriors india video quarantine LINK",neutral
225,1260827421726568448,0,en,"Lots of love and respect for the best dad ever and the best Engineer I know 
Him and the people working at Tata Power are the reason even during COVID19 Pandemic and Lockdown whole Mumbai is getting electricity LINK",positive
226,1260928767419199488,0,en,"As COVID19 continues to take over our lives host of false information has surrounded the topic Theres a lot of information circulating about COVID19 the pandemic disease caused by the novel coronavirus 

It is LINK",negative
227,1260948755043414017,0,en,"Finally  After Corona holidays  AB events start with a small one ğŸ˜


ABEvents9 


We are here for you ğŸ¤—


freshflowermandpas
weddingplanning
stayathomeğŸ˜ï¸
staysafebuddiesğŸ˜Š  Rajahmundry LINK",negative
228,1252191163991289861,1,en,UTC 7  IN    Coronavirus found in Indian bats scrutiny crucial for outbreak alerts The detection of potentially pathogenic coronavirus in Indian bats stresses the  health the study published in the Indian Journal of Medical Research said  LINK,neutral
229,1252425109995876362,0,en,Forefront of reporting at the cost of spreading the disease  LINK,neutral
230,1252435827268874247,0,en,"Hello Friends
RajGardenPlants 
memories covid19 corona Shayari love ishc pyar poem gazal poetry  shayar write writing write kavi kavita dard  heart dil heartbroken brokenheart tanhai LINK",positive
231,1258805088497393665,0,en,"Dalai Lama calls for coordinated global effort

DHARAMSHALA in a reference to the coronavirus crises in his Buddha Purnima message the Dalai Lama Thursday said the world must focus on what unites it as one human LINK",neutral
232,1260885167402635264,0,en,"JOIN OUR TEAM

We have an awesome amp flexible INTERNSHIP PROGRAM limited seats available

Send your CV today
MAIL

internship quarantine covid19 Covid19 covid19 vizagtrends vizag vizagite LINK",positive
233,1260952004064612352,0,en,"ğŸ


Shot On ï£¿iPhone


ilalitjangid shotoniphone ï£¿ apple 
rajasthan jodhpur village createathome 
lockdown nustaharamkhor covid carryminatimemes LINK",neutral
234,1252496568625881091,0,en,"Repost who 

Q How can I grocery shop safely in the time of COVID19

coronavirus KnowtheFacts     
coronavirus coronavirusoutbreak coronavirusoutbreakindia 
cegahviruskorona covid19india LINK",positive
235,1258630994883731458,0,en,"Fri workout done right ğŸ’ª



homeworkout homequarantine lockdown2020 stayathome coronavirus scare  Pune Maharashtra LINK",positive
236,1258696783439503361,0,en,"Asana  Yoga Challenge 

Entry  Ved prakash sharma  vedprakash32 from Bihar

Asana name chakrasana
It will strengthen immunity that will be helpful to fight against corona virus It makes spinal cord and hand LINK",neutral
237,1258698808491495425,0,en,"Asana  Yoga Challenge 

Entry  Pulkit Verma thepulkitverma

Asana name chakrasana 
It will strengthen immunity that will be helpful to fight against corona virus It makes spinal cord and hand muscles strong LINK",positive
238,1258968219030822913,2,en,"Nope I am not lazy its the weekendğŸ˜ğŸ˜‹








sunlight wewkend navsari fresh corona saturday photooftheday letitshine 
harshrajput love life gratitude quarantine quarantinelife stay stayhome LINK",positive
239,1260825034031063041,0,en,"ğŸ™ Thank you CNBC TV18 for acknowledging and supporting our sincere work 
salaam internationalnursesday  atribute nursesanthem covid19 coronawarriors who  Studio Musicaa Musica Productions Initiative LINK",positive
240,1260832665231491072,0,en,"How did you celebrate worldcocktailday2020  
I give you Sharonas Corona A coffee based cocktail with a citrus tang after taste to sip through these hot summers  
Its quite simple Do give it a shot 
Heres LINK",positive
241,1260892260906000385,0,en,"World Corona Watch 
060 am on 14 May
Lucknow Post  Sonebhadra India LINK",neutral
242,1260929343804473346,0,en,"You are welcome and wellProducted We are safe to Serve you now by Following all COVID19 Safety Measures

chandrahyundai HyundaiIndia HyundaiCoimbatore HyundaiShowroom HyundaiCars HyundaiService Cars LINK",positive
243,1252467139837075459,1,en,"Follow teamvivekbindra For Business Growth

All our Businessmen are in Tremendous Tension that How to Handle Business in PostCorona Lockdown period  The Strategy to Bonce Back after Corona Lockdown
How to LINK",positive
244,1252477462283464704,0,en,"Stay tune will be live on Instagram today 21st April at 6 PM IST  with rakhisonar Rakhi Rupesh Sonar Mrs India tiara international 2018 on topic Fight Against covid 19

Follow back Insta LINK",positive
245,1252486779275489281,0,en,Killing time and going insane ğŸ¤ªğŸ¤ªğŸ¤ªinstagram coviÌ‡d19 corona stayhome staysafe socialdistancing video funnymemes  Sector 62 Noida LINK,negative
246,1252553177385234432,1,en,UTC 7  IN    Sex workers specially susceptible to Coronavirus In India at least 10 million women work as commercial prostitutes Although  Nearly 16 per cent of Indian female sex workers had HIVAIDS in 2017Â  View article LINK,positive
247,1258655431611867137,0,en,"Keep your heels head amp standards high
Follow our page for regular fashion and lifestyle updates 

Visit Us LINK

fashion coronavirus lockdown2020  lockdown lockdownlife highheels cute LINK",positive
248,1260843299230953472,0,en,"VMC seals Tarsalis Mani Nagar society after first Corona positive case found A 39 year old male who is fruit seller found positive yesterday

ThePeopleofVadodara TPOV  Vadodara Gujarat India LINK",positive
249,1260846452600983552,0,en,"Virus protective Face shield

98 transparency Reusable washable unbreakable Long lasting durability 

For inquiry 91 9277755508

LINK 

corona
coronavirus
covid19 covid19 protection LINK",negative
250,1260879989903372288,0,en,nsitharaman PMOIndia BankofIndiaIN Under Covid scheme sanction is done to our agri account  Why charges like documentation and Mortgage are charged to MSME Loan with lot of Charges  LINK,neutral
251,1251857868959166466,0,en,We are all in This Together Fighting against ABUSE COVID19ABUSE  Stay Home Stay Healthy Save The World  Patna India LINK,positive
252,1251902458105921537,0,en,"Switzerland Thanking India for Covid Supplies

COVID19 INDORE india leapkreationsdesigns leapkreations hconcepts  H Concepts Technologies LINK",neutral
253,1252142221870202880,0,en,maskindia homemademask  staysafe stayinside corona will go soon mask safetyfirst quarentine  Ambala India LINK,neutral
254,1252537442277752833,0,en,"coronavid19 
corona 
Stay Home stay safe
Lets all stand together and fight against it ğŸ™  Coimbatore Tamil Nadu LINK",positive
255,1258646942051176448,0,en,"Do you know Helpful tips to avoid the corona virus
1 Avoid licking finger to turn papers
2 Avoid licking finger to count currency
3 Skip the habit of chewing nails
4 Leave the habit of thumb sucking
5 Do LINK",neutral
256,1251781242065911810,0,en,"Dear ground you are really missed
Please persuade covid19 to be stopped
So we can have youğŸ˜ŠğŸ˜ŠğŸ˜Š  Birla Sagar Higher Secondary School LINK",positive
257,1258862562457731072,0,en,"LINK
Unless the developed nations change course and pursue a radically different economic path after the crisis the gap between a slowgrowing West and an 13",positive
258,1260866314882646016,0,en,"Covid19 Wedding Arrangements
We are Ready with New Normal setup Date Postponed Check us with New Date New Plans Call for consultation
theacresclub 
RamadaNaviMumba 
parknavimumbai 
perfectdecormcg 
OR
It LINK",positive
259,1261008643216023553,0,en,While everyone is locked in their homes not risking themselves in this pandemic But there are few who are risking everything to save the people in need Cheers to the coronawarriors of India covid19 corona LINK,negative
260,1260857443984109568,0,en,"IMS AND SUM HOSPITAL IN BHUBANESWAR GETS PERMISSION FOR COVID19 TESTING 

IMS and SUM Hospital Bhubaneswar has received permission for conducting Covid19 testing One more facility testing facility added under the LINK",positive
261,1260964923682816000,2,en,"The Union in solidarity with students of the department expresses its resentment over the decision of the university to conduct exams in the midst of the global Covid19 crisis 
On 10520 the University issued a LINK",neutral
262,1261053596180705281,0,en,"LINK
Nationalism and jingoism are sweeping the world right now The economic crisis created by COVID19 will only exacerbate this wave of worldwide political instability I see a future that is defined by violence jealousy and group hate",negative
263,1251839409504292864,0,en,"What do you think ye lockdown 3 May ko khatam hojaega ğŸ¤”ğŸ¤”ğŸ¤”ğŸ¤”ğŸ¤”
 
 
 
 
 
lockdown lockdown2020 lockdownlife lockdownindia coronavirusindia corona coronavirus covid19 thekaurblogtv thekaurblog LINK",neutral
264,1251902785974603777,0,en,"Switzerland Thanking India for Covid Supplies

COVID19 INDORE india leapkreationsdesigns leapkreations hconcepts  Leap Kreations Digital Marketing Agency LINK",neutral
265,1251937175152865280,0,en,"To drink coffee with a ghost
stayhome staysafe coffee ghost chair o midnight chill gathering friends people bangalorediaries art friends family nature life living corona lockdown day25 LINK",neutral
266,1252153775659368448,0,en,"For all who workfromhome 
quarantinelife 
stayhomestaysafe
covid19
ğŸ˜ğŸ˜…ğŸ˜âœŒï¸ My quarantine life is to babysit him  Kalaburagi  à²•à²²à²¬à³à²°à²—à²¿ LINK",neutral
267,1260935342045171713,0,en,StayatHome 50th days Lockdown 30  COVID19 ğŸ’”ğŸ™…ğŸ»â€â™€ï¸ğŸ”¥  Yesh Modeling Studio LINK,neutral
268,1260998007274844161,0,en,"What a joy in heaven One new soul accepted Jesus as her saviour and Lord and committed to be baptised by the water and spirit during this time of Coronavirus pandemic 

waterbaptism baptism savesoul LINK",positive
269,1251882192583745537,0,en,Garmii ğŸ”¥ a gayi hai How are you coping with this garmi I try to eat fruits and hydrate myself as much as possible foodiesofindia watermelon summer mumbai covid  Mumbai Maharashtra LINK,neutral
270,1252233027469455362,0,en,"Regram mygovindia
India COVID 19  rules for Migrant workers within India during Lockdown  India LINK",neutral
271,1252633198519083011,0,en,"A dog is someone who loves you more than you love yourself
I love Dogs a lot  Its a street Dog  
Animals dont get affected by Corona  So pls feed them during this crisis  
Instagram  LINK",positive
272,1251826591010902017,0,en,"Switzerland expressed solidarity with our India in its fight against the Corona virus pandemic by projecting the Tricolour on Matterhorn Mountain
ğŸ‘ğŸ‘  Secp3 greater noida LINK",positive
273,1251863531076624387,0,en,"Digital Marketing Vs Lockdown Covid19
After Lockdown How to Promote your business 
By Digital Marketing
Pl contact me  India LINK",neutral
274,1251729531229966338,0,en,"Bhalo theko KOLKATA 
streetsofkolkata after 25 days of Nationwide lockdown due to the coronavirus outbreak  We Shall Overcome this
shotoniphone this video showing kolkatalanes 
 


kolkatabuzz LINK",negative
275,1252428218155405315,0,en,"Day16 wfhyoga â˜€ï¸ Sun nature human a great combo to Create a great healthy future in these Corona times ğŸ§˜â€â™‚ï¸ğŸ§˜ğŸ½â€â™‚ï¸ğŸ”ğŸ§˜â€â™€ï¸

india corona fightcorona fightcovid19 indiafightscorona stressmanagement mentalhealth LINK",positive
276,1252515002721992705,0,en,"Change the world by being yourself

A wonderful quote which i always like in my lifetime 

lockdown  atrocities covid19 beingthoughtful  Valasaravakkam LINK",positive
277,1258713170451017728,0,en,In a turn of events Corona Virus has shaken up the worlds concept of being positive The notorious COVID19 has meandered its way into our lives in a way that the whole world has been in a standstill since LINK,positive
278,1258755267103207426,0,en,Todays Positive covid19 surat  Surat Gujarat LINK,positive
279,1251782810014232576,0,en,"National Art Competition  COVID19
AWARENESS CAMPAIGNS
Student artist  
Title  Corona virus effects on earth
Medium  peoples awareness
size  275X347
Prize
Address  SAbinav
Old no102new LINK",positive
280,1252794259796705280,2,en,Stigmabase   Six Times Frontline Corona Warriors Faced Attack In India Attacks on the medical professionals stonepelting at health workers  Two women doctors were injured in the attack and had to be rescued byÂ  View article LINK,neutral
281,1260896533920321537,0,en,Shambhavi kumari of STD VI has made painting on the theme COVID19 and through this  Painting she wants to give lesson to the society that we should follow rules and regulations of government so that we can STAY LINK,positive
282,1260915107887865856,0,en,"Where would you ESCAPE right now unlimited budget and no corona virus

While home is certainly an escape from the world I think of exploring the North Eastern States  the culture food and mountains And of LINK",positive
283,1260946402315833346,0,en,"Trying to be a vegan during this covid19 pandemic

 palak
spinach
coronavirus covid19 stayhome staysafe healthylifestyle healthiswealth beingvegan vegetarian  HSR Layout LINK",neutral
284,1261115939694788609,0,en,"Just hanging out 



doubleexposure hangingout stayhome staysafe lockdown covid creative creativephotography creativeideas creativeeveryday photooftheday instaphotography ipc oph mobilephotography LINK",positive
285,1251820243594379266,2,en,State government must immediately take up with MHA Government of India to bring back the students amp migrant workers stranded in different states across the country due to the nationwide lockdown to contain COVID19 LINK,negative
286,1252336729060773893,0,en,"ğŸ‡®ğŸ‡³ India

ï¸ StayAtHome

Notes Heavily Lockeddown Unreliable Data Poverty

ğŸ•“ 2004 Covid19

44",negative
287,1252415894812127233,0,en,Decrypted Postcoronavirus Auth0s close call North Korea warning Awakes Series C LINK LINK,neutral
288,1252528472318193664,0,en,"Managing Covid19 Stress
stayhomestaysafestopthespread coviÌ‡d19lovebeautifultbt  à¤ªà¤¿à¤‚à¤ªà¤°à¥€ à¤šà¤¿à¤‚à¤šà¤µà¤¡  Pimpri Chinchwad City LINK",neutral
289,1252572713111236608,0,en,"Wild Life During Corona Lockdown in India corona covid19 lockdown wildlife earth 

LINK

A foot and lighthearted theyre taking to the open road

Amid the global lockdowns to curb the LINK",positive
290,1258656629815488512,0,en,"It is not related to any one Region but its a Pan India Situation
Tell me one Good Reason why a Doctor should treat a COVID19 pt at all
Doctor should stop Treating CORONA pts now  Warriors of Dharma LINK",positive
291,1258721112457797632,0,en,"rnpotterys1 Ramnarayan blue art potteries
Founder Mr Ramnarayan prajapati

Help us support COVIDhit families to regenerate lost livelihoods 

Discover a great selection of enchanting Jaipur blue Potteryhome LINK",positive
292,1258732057418698752,0,en,GO BACK CORONA GO BACK  Kolkata  The City of Love LINK,positive
293,1261146752872259586,0,en,Sakshi Kumari of STD I has made painting on the theme COVID19 and through this  Painting she wants to give lesson to the society that we should follow rules and regulations of government so that we can STAY LINK,positive
294,1251893694975918080,0,en,"Goal1 zerohungerchallenge
Event82
covid19
foodforanimals
khammam
Day6

Location Khammam Local Areas 
From 17th to 19th April
    
       As We All Know COVID19 Spreading The World and Everyone Is LINK",neutral
295,1252074587782856711,0,en,"Hello Friends
RajGardenPlants ROOKHRAJPAUDHSHALA
memories covid19 corona IndiaFightsCorona stayhome staysafe Shayari love ishc pyar poem gazal poetry  shayar write writing write kavi kavita LINK",positive
296,1252677656874795016,0,en,"ğŸ‡®ğŸ‡³ India âšªğŸ”¹âœ¨ğŸ”¹ğŸ”¹âœ¨ğŸ”¹âœ¨âœ¨ğŸ”¹

Official cases 18539  1343M
Est cases 103176  747M
Change 924  5

Deaths 592  043M
Change 3  6

Mort 319

ğŸ‘¨ğŸ½â€âš•ï¸Breathing LINK
ğŸ§˜ğŸ» LINK

ğŸ•“ 2104

24 LINK",negative
297,1258656020664107010,0,en,"Keep your account upto date during COVID19
Host your data with Hosting Safari and get access from anytime anywhere
tallyoncloud cloudservices trending trends instagood sme largeenterprise cagroup LINK",neutral
298,1252088112106344450,0,en,"How can you prevent the spread of the coronavirus disease

Standard recommendations to prevent the spread of COVID19 include frequent cleaning of hands using alcoholbased hand rub or soap and water covering the LINK",positive
299,1258740865129988096,0,en,"When is this getting over 

stayhome staysafe covid19 quarantinelife 
ğŸ“¸ akankshas30  Jaipur Rajasthan LINK",neutral
300,1258792181923483651,0,en,"The other side of covid19  nature is healing itself The only positive case of coronavirus pandemic that is going in favour of earth
 stayhome staysafe  Bihpuriagaon Assam India LINK",positive
301,1258932572224131072,1,en,cmohry mlkhattar Dchautala PMOIndia ongoing time all world suffering with Covid 19 Govt is saying stay healthy or clean but how we take fresh breath in this bad smelled air Our colony families sufferes other disease due to this sewar blockage Also complained a lots LINK,negative
302,1260819397712556032,0,en,Beat the heatquoteoftheday quotes positivevibes clean eat play light drink sleep breathe indiafightscorona covid19 familystore abhishekdfm kanpur uttarpradesh india lucknow kanpurgram kanpurwants LINK,positive
303,1260858056876883968,0,en,"Sometimes you are getting ready for the stage and sometimes you are just getting ready for life 

Covid19 thoughts picoftheday throwbackthursday live lockdown shashwatsingh  Mumbai Maharashtra LINK",positive
304,1261095614449774598,0,en,"People are more distressed ğŸ¤¯ due to immediate health impacts of COVID19 including

â˜¹ï¸ Physicalsocial isolation
â˜¹ï¸ Fear of contagion
ğŸ™ Loss of family members
ğŸ™ Unemployment

The ğŸŒğŸŒğŸŒ needs to urgently increase LINK",positive
305,1251949301275729920,1,en,"Due to COVID19 we are LOCK in your home
But we are not DOWN
We are still able to manage and utilize time online
Yes DESIGN CENTRE is now ONLINE
Online training is started for all major courses
DCICIÂ provide LINK",positive
306,1252224159649869825,0,en,"Lock down drive

Only for important thing  Dont be out unless you have a real need 

covid covid19 drive lockdown atrocities  Valasaravakkam LINK",positive
307,1252623782411415553,0,en,"A small initiative by the roadnomadsclub 



roadnomads roadnomadsclub 
StayHome staysafe 
lockdown covid19  Pune Maharashtra LINK",negative
308,1258789028146667522,0,en,amritnice1 Due to Corona LOCKDOWN  wage labourers lost their jobs amp were facing difficulties for arranging even the basic necessities At such times great sewa have been done by disciples of Sant Shri Asaram Bapu Ji Hats off to them à¤†à¤¶à¤¾à¤°à¤¾à¤®à¤œà¥€à¤†à¤¶à¥à¤°à¤®à¤¦à¥à¤µà¤¾à¤°à¤¾à¤•à¥‹à¤°à¥‹à¤¨à¤¾à¤¸à¥‡à¤µà¤¾à¤•à¤¾à¤°à¥à¤¯,positive
309,1260863607534952448,0,en,"The Vicious Araneus

COVID19 National Lockdown Day51

bcearth asiaphotography2018 bcwildlifepotd EarthCapture EarthinFocus clawsnwings clawsnwings ThroughYourLens lenscaptureofficial discoverearth LINK",negative
310,1260870922371846144,0,en,"Follow taxwaale for more updates 
ğŸ–‹âœ‚ğŸ“‰ğŸ“ˆğŸ“«ğŸ›’ğŸ—„ğŸ—ƒ
To provide more funds at the disposal of taxpayers for dealing with the economic situation arising out of COVID19 pandemic rates of TDS have been reduced by 25 for LINK",positive
311,1258625455176978432,0,en,Yesterday Para Medical staff nurses and Asha worker sisters working in the corona ward of the government hospital of Modis village Vadnagar all were forced to go on strike if they did not get Masks Gloves LINK,negative
312,1252533889282854917,0,en,corona  Udaipur  The City of Lakes LINK,neutral
